{"Rotation":{"x":0.22452330589294434,"y":0.1606510877609253,"z":0.8878206610679627,"w":-0.36817800998687746},"Position":{"x":0.03834676742553711,"y":-0.0870848074555397,"z":-0.06022047996520996}}