{
  "Rotation": {
    "x": -0.2386539727449417,
    "y": -0.13263548910617829,
    "z": -0.13166314363479615,
    "w": -0.9529517889022827
  },
  "Position": {
    "x": -0.0186897,
    "y": -0.05708481,
    "z": 0.0128464
  }
}