{"Displays":[{"Name":"Surface","DisplayCorners":[{"x":3.1477620601654054,"y":0.9987220764160156,"z":0.4023754894733429},{"x":3.1315057277679445,"y":1.0021088123321534,"z":1.4385920763015748},{"x":1.2771153450012208,"y":0.9791356325149536,"z":1.3978556394577027},{"x":1.2941769361495972,"y":0.9772922992706299,"z":0.3632815480232239}]}]}