{"Surfaces":[{"Name":"Surface","SurfaceCorners":[{"x":-1.1877620220184327,"y":0.927442729473114,"z":-1.232428789138794},{"x":-0.6571828722953796,"y":0.9235792756080627,"z":-0.34337103366851809},{"x":-2.2456507682800295,"y":0.9020186066627502,"z":0.6270264983177185},{"x":-2.7869904041290285,"y":0.9023585319519043,"z":-0.2658349275588989}]}]}