{"array":[{"Corner":0,"Position":{"x":4.4942946434021,"y":1.2870538234710694,"z":0.5509585738182068}},{"Corner":3,"Position":{"x":4.521306037902832,"y":1.2876390218734742,"z":1.8609501123428345}},{"Corner":2,"Position":{"x":2.1852283477783205,"y":1.2593404054641724,"z":1.8977158069610596}},{"Corner":1,"Position":{"x":2.158139705657959,"y":1.2569725513458253,"z":0.5844177007675171}}]}