{"Displays":[{"Name":"Surface","DisplayCorners":[{"x":3.1007144451141359,"y":1.049451470375061,"z":0.443106472492218},{"x":2.989346981048584,"y":1.0464098453521729,"z":1.4804894924163819},{"x":1.1430474519729615,"y":1.0264430046081544,"z":1.2851463556289673},{"x":1.2509570121765137,"y":1.027187705039978,"z":0.2537063658237457}]}]}