{"Displays":[{"Name":"Surface","DisplayCorners":[{"x":3.8636527061462404,"y":1.0007137060165406,"z":0.2920202910900116},{"x":3.7291762828826906,"y":1.0023692846298218,"z":1.316933035850525},{"x":1.8885977268218995,"y":0.9834296703338623,"z":1.0746043920516968},{"x":2.041579246520996,"y":0.9879847764968872,"z":0.048752788454294208}]}]}