{"Rotation":{"x":-0.012777543626725674,"y":0.8432556986808777,"z":-0.01596301794052124,"w":0.5371235609054565},"Position":{"x":0.030042897909879686,"y":-0.0033553256653249265,"z":-0.031234318390488626}}