{"array":[{"Id":680,"Position":{"x":4.321021556854248,"y":1.254402756690979,"z":1.6550347805023194},"Rotation":{"x":-0.0017323496285825968,"y":0.9826574325561523,"z":-0.0063295490108430389,"w":-0.1853143721818924},"Scale":{"x":0.0,"y":0.0,"z":0.0}},{"Id":681,"Position":{"x":4.0659708976745609,"y":1.2532036304473878,"z":1.7430603504180909},"Rotation":{"x":0.008581624366343022,"y":0.9791793823242188,"z":-0.0023650340735912325,"w":-0.20280152559280396},"Scale":{"x":0.0,"y":0.0,"z":0.0}},{"Id":682,"Position":{"x":4.39192533493042,"y":1.2562854290008546,"z":1.8412202596664429},"Rotation":{"x":-0.0056311883963644508,"y":0.9841758608818054,"z":0.001799392164684832,"w":-0.17709600925445558},"Scale":{"x":0.0,"y":0.0,"z":0.0}},{"Id":683,"Position":{"x":4.139470100402832,"y":1.2543039321899415,"z":1.929093599319458},"Rotation":{"x":-0.011181305162608624,"y":0.9809141159057617,"z":0.0028100896161049606,"w":-0.1940997689962387},"Scale":{"x":0.0,"y":0.0,"z":0.0}}]}