{"Rotation":{"x":0.022084074094891549,"y":0.23012247681617738,"z":-0.00038773813867010176,"w":-0.9729110598564148},"Position":{"x":-0.022363830357789995,"y":-0.03917893394827843,"z":0.03945702314376831}}