{"array":[{"Corner":2,"Position":{"x":2.233933210372925,"y":1.0132808685302735,"z":1.5090543031692505}},{"Corner":1,"Position":{"x":2.1366825103759767,"y":1.0103496313095093,"z":0.4616403579711914}},{"Corner":0,"Position":{"x":3.997586250305176,"y":1.0320194959640504,"z":0.2985892593860626}},{"Corner":3,"Position":{"x":4.092897891998291,"y":1.0325877666473389,"z":1.3463035821914673}}]}