{"array":[{"Corner":3,"Position":{"x":3.6179635524749758,"y":1.0303868055343629,"z":1.486200213432312}},{"Corner":2,"Position":{"x":1.749462604522705,"y":1.0091280937194825,"z":1.5192712545394898}},{"Corner":1,"Position":{"x":1.7263151407241822,"y":1.0051120519638062,"z":0.4694058895111084}},{"Corner":0,"Position":{"x":3.602609157562256,"y":1.029005527496338,"z":0.4399241507053375}}]}