{"array":[{"Corner":0,"Position":{"x":4.7135844230651859,"y":1.2878624200820923,"z":0.45614784955978396}},{"Corner":3,"Position":{"x":4.954113960266113,"y":1.2914210557937623,"z":1.7474087476730347}},{"Corner":2,"Position":{"x":2.664412021636963,"y":1.2675273418426514,"z":2.1739516258239748}},{"Corner":1,"Position":{"x":2.41645884513855,"y":1.259928822517395,"z":0.8727385997772217}}]}