{"array":[{"Id":680,"Position":{"x":4.3925909996032719,"y":1.2387406826019288,"z":1.4507496356964112},"Rotation":{"x":0.011011729948222638,"y":-0.9994128942489624,"z":0.011418349109590054,"w":0.030369704589247705},"Scale":{"x":0.0,"y":0.0,"z":0.0}},{"Id":681,"Position":{"x":4.1173481941223148,"y":1.2358835935592652,"z":1.4547955989837647},"Rotation":{"x":-0.004364078398793936,"y":-0.9995228052139282,"z":0.01393867563456297,"w":0.027219124138355256},"Scale":{"x":0.0,"y":0.0,"z":0.0}},{"Id":682,"Position":{"x":4.398846626281738,"y":1.2393983602523804,"z":1.648728609085083},"Rotation":{"x":0.015413997694849968,"y":-0.9995732307434082,"z":0.011238103732466698,"w":0.02212497405707836},"Scale":{"x":0.0,"y":0.0,"z":0.0}},{"Id":683,"Position":{"x":4.119896411895752,"y":1.2378802299499512,"z":1.6558023691177369},"Rotation":{"x":-0.008201569318771363,"y":-0.999871015548706,"z":0.01193934679031372,"w":0.00693895248696208},"Scale":{"x":0.0,"y":0.0,"z":0.0}}]}