{"Surfaces":[{"Name":"Surface","SurfaceCorners":[{"x":-1.2943115234375,"y":1.170177936553955,"z":1.5088058710098267},{"x":-0.6236804723739624,"y":1.16356360912323,"z":0.4152989685535431},{"x":-2.600358247756958,"y":1.1370601654052735,"z":-0.814430296421051},{"x":-3.2926342487335207,"y":1.1377887725830079,"z":0.286921888589859}]}]}