{"Surfaces":[{"Name":"Surface","SurfaceCorners":[{"x":-1.388184666633606,"y":0.9272443056106567,"z":-0.9654200673103333},{"x":-0.7883749604225159,"y":0.922359049320221,"z":-0.11579305678606034},{"x":-2.2995684146881105,"y":0.8998069763183594,"z":0.9719390273094177},{"x":-2.9086387157440187,"y":0.9009047150611877,"z":0.12232480198144913}]}]}