{
  "Rotation": {
    "x": -0.02191822975873947,
    "y": 0.7297905087471008,
    "z": -0.016687287017703058,
    "w": 0.6831156015396118
  },
  "Position": {
    "x": -0.009057569317519665,
    "y": -0.03923878028988838,
    "z": 0.0311279296875
  }
}