{"Rotation":{"x":0.01967703178524971,"y":0.06968812644481659,"z":-0.014927007257938385,"w":-0.9972630143165588},"Position":{"x":0.0015435696113854647,"y":-0.11186854541301727,"z":-0.07574460655450821}}