{"Rotation":{"x":-0.01877390593290329,"y":0.20147210359573365,"z":-0.007683856878429651,"w":0.9792840480804443},"Position":{"x":0.00578684825450182,"y":-0.023021627217531205,"z":0.020395886152982713}}