{"array":[{"Id":680,"Position":{"x":4.758872032165527,"y":1.1890560388565064,"z":1.3606078624725342},"Rotation":{"x":-0.010672458447515965,"y":-0.993973433971405,"z":0.008904265239834786,"w":0.10873685777187348},"Scale":{"x":0.0,"y":0.0,"z":0.0}},{"Id":681,"Position":{"x":4.498636245727539,"y":1.1868298053741456,"z":1.4060232639312745},"Rotation":{"x":0.014199686236679554,"y":-0.9938592314720154,"z":0.010784988291561604,"w":0.10920586436986923},"Scale":{"x":0.0,"y":0.0,"z":0.0}},{"Id":682,"Position":{"x":4.800808906555176,"y":1.190791368484497,"z":1.5587929487228394},"Rotation":{"x":0.003014280693605542,"y":-0.9949694275856018,"z":0.010207070969045163,"w":0.09961258620023728},"Scale":{"x":0.0,"y":0.0,"z":0.0}},{"Id":683,"Position":{"x":4.536219120025635,"y":1.1890487670898438,"z":1.606947660446167},"Rotation":{"x":0.0024632601998746397,"y":-0.9939329028129578,"z":0.010265970602631569,"w":0.10948050022125244},"Scale":{"x":0.0,"y":0.0,"z":0.0}}]}