{"array":[{"Id":680,"Position":{"x":4.338184833526611,"y":1.2553000450134278,"z":1.6506541967391968},"Rotation":{"x":0.010518320836126805,"y":-0.9820870161056519,"z":0.0038964806590229275,"w":0.18809400498867036},"Scale":{"x":0.0,"y":0.0,"z":0.0}},{"Id":681,"Position":{"x":4.084471702575684,"y":1.2530832290649415,"z":1.73811936378479},"Rotation":{"x":-0.0012461168225854636,"y":-0.9834417104721069,"z":0.00910788495093584,"w":0.18099148571491242},"Scale":{"x":0.0,"y":0.0,"z":0.0}},{"Id":682,"Position":{"x":4.408232688903809,"y":1.2573068141937256,"z":1.8393713235855103},"Rotation":{"x":-0.0023776134476065637,"y":-0.9887226223945618,"z":-0.004919218830764294,"w":0.14965902268886567},"Scale":{"x":0.0,"y":0.0,"z":0.0}},{"Id":683,"Position":{"x":4.153217315673828,"y":1.254734754562378,"z":1.9278920888900757},"Rotation":{"x":0.007987418211996556,"y":-0.984121561050415,"z":-0.006904464680701494,"w":0.1771814078092575},"Scale":{"x":0.0,"y":0.0,"z":0.0}}]}