{"Rotation":{"x":0.012130997143685818,"y":-0.07972673326730728,"z":0.005654764361679554,"w":-0.996726930141449},"Position":{"x":0.0037058829329907896,"y":-0.11321916431188584,"z":-0.051355816423892978}}