{"array":[{"Corner":2,"Position":{"x":2.5004143714904787,"y":1.0173321962356568,"z":1.6742608547210694}},{"Corner":1,"Position":{"x":2.556666612625122,"y":1.0123090744018555,"z":0.622484564781189}},{"Corner":0,"Position":{"x":4.4279398918151859,"y":1.0350021123886109,"z":0.735582172870636}},{"Corner":3,"Position":{"x":4.369356155395508,"y":1.0375080108642579,"z":1.7836147546768189}}]}