{"Rotation":{"x":-0.021667473018169404,"y":0.5163679718971252,"z":-0.013070656917989254,"w":-0.85599285364151},"Position":{"x":-0.014644547365605832,"y":-0.021408069878816606,"z":0.04698431119322777}}