{"Rotation":{"x":0.018643667921423913,"y":0.30417364835739138,"z":-0.005542484112083912,"w":-0.9524180889129639},"Position":{"x":-0.02941795438528061,"y":-0.018577294424176217,"z":0.05783519148826599}}