{"Surfaces":[{"Name":"Surface","SurfaceCorners":[{"x":-0.40068772435188296,"y":0.933940052986145,"z":0.7504395842552185},{"x":-0.39179953932762148,"y":0.9249312281608582,"z":1.7931008338928223},{"x":-2.245603322982788,"y":0.8975526690483093,"z":1.8189382553100587},{"x":-2.2602357864379885,"y":0.9045434594154358,"z":0.7770143747329712}]}]}