{"array":[{"Corner":2,"Position":{"x":2.131202459335327,"y":1.0140807628631592,"z":1.6345183849334717}},{"Corner":1,"Position":{"x":2.232266902923584,"y":1.0096650123596192,"z":0.5928665399551392}},{"Corner":0,"Position":{"x":4.091640472412109,"y":1.0334272384643555,"z":0.7753385901451111}},{"Corner":3,"Position":{"x":3.9887185096740724,"y":1.0301039218902588,"z":1.8196362257003785}}]}