{"Displays":[{"Name":"Surface","DisplayCorners":[{"x":4.101257801055908,"y":1.0657323598861695,"z":1.6263575553894044},{"x":3.613888740539551,"y":1.063955545425415,"z":2.545027732849121},{"x":1.9682915210723878,"y":1.038640022277832,"z":1.6964874267578126},{"x":2.445371627807617,"y":1.0383659601211548,"z":0.7716076374053955}]}]}