{"array":[{"Id":680,"Position":{"x":4.470574855804443,"y":1.2462501525878907,"z":1.5053539276123047},"Rotation":{"x":0.006677974946796894,"y":0.9709992408752441,"z":0.0012351032346487046,"w":-0.23898613452911378},"Scale":{"x":0.0,"y":0.0,"z":0.0}},{"Id":681,"Position":{"x":4.226445198059082,"y":1.2445043325424195,"z":1.626222848892212},"Rotation":{"x":0.011281897313892842,"y":0.9708048701286316,"z":-0.0021596651058644058,"w":-0.23959539830684663},"Scale":{"x":0.0,"y":0.0,"z":0.0}},{"Id":682,"Position":{"x":4.558907508850098,"y":1.2475001811981202,"z":1.6874920129776},"Rotation":{"x":0.010233685374259949,"y":0.975766122341156,"z":0.006454453803598881,"w":-0.21848133206367494},"Scale":{"x":0.0,"y":0.0,"z":0.0}},{"Id":683,"Position":{"x":4.318995475769043,"y":1.246731162071228,"z":1.8023780584335328},"Rotation":{"x":-0.006214389577507973,"y":0.9741300344467163,"z":0.004197770729660988,"w":-0.22586391866207124},"Scale":{"x":0.0,"y":0.0,"z":0.0}}]}