{"Surfaces":[{"Name":"Surface","SurfaceCorners":[{"x":-0.9206773638725281,"y":0.9266589879989624,"z":0.9888626337051392},{"x":-1.131279468536377,"y":0.9172844886779785,"z":2.00553035736084},{"x":-2.9475584030151369,"y":0.8949925303459168,"z":1.638946533203125},{"x":-2.7426815032958986,"y":0.901138186454773,"z":0.6230174899101257}]}]}