{"Displays":[{"Name":"Surface","DisplayCorners":[{"x":3.0949718952178957,"y":0.9978193044662476,"z":0.4440947473049164},{"x":2.9903881549835207,"y":0.9964673519134522,"z":1.4766323566436768},{"x":1.1457232236862183,"y":0.9774214029312134,"z":1.2892931699752808},{"x":1.251095175743103,"y":0.9766285419464111,"z":0.2562881410121918}]}]}