{"Rotation":{"x":0.027367623522877694,"y":0.3286851942539215,"z":-0.006941323168575764,"w":-0.9440174102783203},"Position":{"x":-0.03591727837920189,"y":-0.021342335268855096,"z":0.010962402448058129}}