{"Rotation":{"x":-0.024092264473438264,"y":0.30455508828163149,"z":-0.019196070730686189,"w":-0.9519964456558228},"Position":{"x":-0.02941795438528061,"y":-0.018577294424176217,"z":0.05783519148826599}}